NAME,LINE,lang,long,bound1,reason1,bound2,reason2
Mets-Willets Point,"['7', '7 Express']",40.75462199881262,-73.8456249984179,0.0,0.0,0.0,0.0
Junction Blvd,"['7', '7 Express']",40.74914499948836,-73.86952700103515,0.0,0.0,0.0,0.0
Flushing-Main St,"['7', '7 Express']",40.75959999915012,-73.83003000262508,0.0,0.0,0.0,0.0
Woodside-61 St,"['7', '7 Express']",40.745630001138395,-73.90298400173006,0.0,0.0,0.0,0.0
Court Sq,"['7', '7 Express']",40.74702299889643,-73.94526400039679,0.0,0.0,0.0,0.0
Hunters Point Av,"['7', '7 Express']",40.74221599986316,-73.9489160009391,0.0,0.0,0.0,0.0
Vernon Blvd-Jackson Av,"['7', '7 Express']",40.74262599969749,-73.95358099875249,0.0,0.0,0.0,0.0
Queensboro Plz,"['7', '7 Express', 'N', 'W']",40.750635651014804,-73.9401635351909,0.0,0.0,0.0,0.0
Times Sq-42 St,"['7', '7 Express']",40.755477001982506,-73.98769099825152,0.0,0.0,0.0,0.0
Grand Central-42 St,"['7', '7 Express']",40.751431000286864,-73.97604100111508,0.0,0.0,0.0,0.0
5 Av-Bryant Pk,"['7', '7 Express']",40.75382100064824,-73.98196299856706,0.0,0.0,0.0,0.0
34 St-Hudson Yards,"['7', '7 Express']",40.75544635961596,-74.00219709442206,0.0,0.0,0.0,0.0
